{
  "locations": {
    "/tmp/BancroftKineticSystemsClass/KineticSystems2024Group04/manufacturing/Simple_Robot/manufacturing/Print-Bed-0.stl": {
      "x": 51.87400817871094,
      "y": -74.83903503417969,
      "z": 0.0,
      "rotation": {
        "storage": {
          "q0": 1.0,
          "q1": 0.0,
          "q2": 0.0,
          "q3": 0.0
        }
      }
    },
    "/tmp/BancroftKineticSystemsClass/KineticSystems2024Group04/manufacturing/Print-Bed-0.stl": {
      "x": 0.3820638437994038,
      "y": 9.592326932761353E-14,
      "z": 0.0,
      "rotation": {
        "storage": {
          "q0": 1.0,
          "q1": 0.0,
          "q2": 0.0,
          "q3": 0.0
        }
      }
    },
    "/tmp/BancroftKineticSystemsClass/KineticSystems2024Group02/manufacturing/AdamNametag transformed by[X=0.0 Y=-15.0 Z=0.0 Qx=0.0 Qy=0.0 Qz=0.0 Qw=1.0] transformed by[X=0.0 Y=0.0 Z=7.399999999999999 Qx=0.0 Qy=0.0 Qz=0.0 Qw=1.0] transformed by[X=5.0 Y=0.0 Z=0.0 Qx=0.0 Qy=0.0 Qz=0.0 Qw=1.0].stl": {
      "x": 155.85710711124474,
      "y": 183.8973825826629,
      "z": 0.0,
      "rotation": {
        "storage": {
          "q0": 1.0,
          "q1": 0.0,
          "q2": 0.0,
          "q3": 0.0
        }
      }
    },
    "/tmp/BancroftKineticSystemsClass/KineticSystems2024Group07/manufacturing/SimpleRobot/manufacturing/Print-Bed-0.stl": {
      "x": -159.45052694367598,
      "y": -185.74008476350704,
      "z": 0.0,
      "rotation": {
        "storage": {
          "q0": 1.0,
          "q1": 0.0,
          "q2": 0.0,
          "q3": 0.0
        }
      }
    },
    "/tmp/BancroftKineticSystemsClass/KineticSystems2024Group06/manufacturing/Print-Bed-0.stl transformed by[X=0.0 Y=0.0 Z=0.0 Qx=0.0 Qy=0.0 Qz=-0.7071067811865475 Qw=0.7071067811865476]": {
      "x": -87.72646528633801,
      "y": 243.4589238166809,
      "z": 0.0,
      "rotation": {
        "storage": {
          "q0": 1.0,
          "q1": 0.0,
          "q2": 0.0,
          "q3": 0.0
        }
      }
    },
    "/tmp/BancroftKineticSystemsClass/KineticSystems2024Group01/manufacturing/MaeveNametag transformed by[X=0.0 Y=-15.0 Z=0.0 Qx=0.0 Qy=0.0 Qz=0.0 Qw=1.0] transformed by[X=0.0 Y=0.0 Z=7.399999999999999 Qx=0.0 Qy=0.0 Qz=0.0 Qw=1.0] transformed by[X=8.0 Y=0.0 Z=0.0 Qx=0.0 Qy=0.0 Qz=0.0 Qw=1.0].stl": {
      "x": 27.569866476347585,
      "y": 142.59532527845954,
      "z": 0.0,
      "rotation": {
        "storage": {
          "q0": 1.0,
          "q1": 0.0,
          "q2": 0.0,
          "q3": 0.0
        }
      }
    },
    "/tmp/BancroftKineticSystemsClass/KineticSystems2024Group09/manufacturing/Print-Bed-0.stl": {
      "x": 0.0,
      "y": 115.5476437339186,
      "z": 0.0,
      "rotation": {
        "storage": {
          "q0": 1.0,
          "q1": 0.0,
          "q2": 0.0,
          "q3": 0.0
        }
      }
    },
    "MaeveNametag transformed by[X=0.0 Y=-15.0 Z=0.0 Qx=0.0 Qy=0.0 Qz=0.0 Qw=1.0] transformed by[X=0.0 Y=0.0 Z=7.399999999999999 Qx=0.0 Qy=0.0 Qz=0.0 Qw=1.0] transformed by[X=8.0 Y=0.0 Z=0.0 Qx=0.0 Qy=0.0 Qz=0.0 Qw=1.0].stl": {
      "x": 18.075096337442393,
      "y": 89.6660813148644,
      "z": 0.0,
      "rotation": {
        "storage": {
          "q0": 1.0,
          "q1": 0.0,
          "q2": 0.0,
          "q3": 0.0
        }
      }
    },
    "ShivsNametag transformed by[X=0.0 Y=-15.0 Z=0.0 Qx=0.0 Qy=0.0 Qz=0.0 Qw=1.0] transformed by[X=0.0 Y=0.0 Z=16.750000000000043 Qx=0.0 Qy=0.0 Qz=0.0 Qw=1.0] transformed by[X=5.0 Y=0.0 Z=0.0 Qx=0.0 Qy=0.0 Qz=0.0 Qw=1.0].stl": {
      "x": 22.057889193802975,
      "y": 132.50857124818305,
      "z": 0.0,
      "rotation": {
        "storage": {
          "q0": 1.0,
          "q1": 0.0,
          "q2": 0.0,
          "q3": 0.0
        }
      }
    },
    "GlodiNametag.stl": {
      "x": 35.159198214740826,
      "y": 0.25128460804928787,
      "z": 0.0,
      "rotation": {
        "storage": {
          "q0": 1.0,
          "q1": 0.0,
          "q2": 0.0,
          "q3": 0.0
        }
      }
    },
    "/tmp/BancroftKineticSystemsClass/KineticSystems2024Group08/manufacturing/GlodiNametag.stl": {
      "x": -179.07619473929844,
      "y": 41.498626945139065,
      "z": 0.0,
      "rotation": {
        "storage": {
          "q0": 1.0,
          "q1": 0.0,
          "q2": 0.0,
          "q3": 0.0
        }
      }
    },
    "/tmp/BancroftKineticSystemsClass/KineticSystems2024Group08/manufacturing/SimpleRobot/manufacturing/Print-Bed-0.stl": {
      "x": 14.83845570188598,
      "y": 18.965532694869736,
      "z": 0.0,
      "rotation": {
        "storage": {
          "q0": 1.0,
          "q1": 0.0,
          "q2": 0.0,
          "q3": 0.0
        }
      }
    },
    "/tmp/BancroftKineticSystemsClass/KineticSystems2024Group02/manufacturing/Part-Num-0.stl": {
      "x": 6.4532737628536285,
      "y": 4.300116010330035,
      "z": 0.0,
      "rotation": {
        "storage": {
          "q0": 1.0,
          "q1": 0.0,
          "q2": 0.0,
          "q3": 0.0
        }
      }
    },
    "/tmp/BancroftKineticSystemsClass/KineticSystems2024Group01/manufacturing/SimpleRobot/manufacturing/Print-Bed-0.stl": {
      "x": -175.44234003483103,
      "y": 56.70063803873042,
      "z": 0.0,
      "rotation": {
        "storage": {
          "q0": 1.0,
          "q1": 0.0,
          "q2": 0.0,
          "q3": 0.0
        }
      }
    },
    "/tmp/BancroftKineticSystemsClass/KineticSystems2024Group02/manufacturing/Part-Num-3.stl": {
      "x": 6.5,
      "y": 21.0,
      "z": 0.0,
      "rotation": {
        "storage": {
          "q0": 1.0,
          "q1": 0.0,
          "q2": 0.0,
          "q3": 0.0
        }
      }
    },
    "/tmp/BancroftKineticSystemsClass/KineticSystems2024Group07/manufacturing/servoBase.stl": {
      "x": -48.15407853519399,
      "y": 122.37097625139997,
      "z": 0.0,
      "rotation": {
        "storage": {
          "q0": 1.0,
          "q1": 0.0,
          "q2": 0.0,
          "q3": 0.0
        }
      }
    },
    "/tmp/BancroftKineticSystemsClass/KineticSystems2024Group01/manufacturing/Print-Bed-0.stl": {
      "x": 139.95484161376953,
      "y": 120.95467589636152,
      "z": 0.0,
      "rotation": {
        "storage": {
          "q0": 1.0,
          "q1": 0.0,
          "q2": 0.0,
          "q3": 0.0
        }
      }
    },
    "Part-Num-3.stl": {
      "x": 6.5,
      "y": 21.0,
      "z": 0.0,
      "rotation": {
        "storage": {
          "q0": 1.0,
          "q1": 0.0,
          "q2": 0.0,
          "q3": 0.0
        }
      }
    },
    "/tmp/BancroftKineticSystemsClass/KineticSystems2024Group03/manufacturing/SimpleRobot1/manufacturing/Print-Bed-0.stl": {
      "x": 55.95269775390625,
      "y": -164.35286902574023,
      "z": 0.0,
      "rotation": {
        "storage": {
          "q0": 1.0,
          "q1": 0.0,
          "q2": 0.0,
          "q3": 0.0
        }
      }
    },
    "/tmp/BancroftKineticSystemsClass/KineticSystems2024Group07/manufacturing/Print-Bed-0.stl": {
      "x": 0.0,
      "y": 144.283862225973,
      "z": 0.0,
      "rotation": {
        "storage": {
          "q0": 1.0,
          "q1": 0.0,
          "q2": 0.0,
          "q3": 0.0
        }
      }
    },
    "/tmp/BancroftKineticSystemsClass/KineticSystems2024Group09/manufacturing/Print-Bed-0.stl transformed by[X=0.0 Y=0.0 Z=0.0 Qx=0.0 Qy=0.0 Qz=-0.7071067811865475 Qw=0.7071067811865476]": {
      "x": -200.35015299782282,
      "y": 69.36233646161466,
      "z": 0.0,
      "rotation": {
        "storage": {
          "q0": 1.0,
          "q1": 0.0,
          "q2": 0.0,
          "q3": 0.0
        }
      }
    },
    "Print-Bed-0.stl": {
      "x": 122.0,
      "y": 64.80842371789892,
      "z": 0.0,
      "rotation": {
        "storage": {
          "q0": 1.0,
          "q1": 0.0,
          "q2": 0.0,
          "q3": 0.0
        }
      }
    },
    "/tmp/BancroftKineticSystemsClass/KineticSystems2024Group02/manufacturing/SimpleRobot/manufacturing/Print-Bed-0.stl": {
      "x": -191.3900604248047,