{
  "locations": {
    "/tmp/BancroftKineticSystemsClass/KineticSystems2024Group04/manufacturing/Print-Bed-0.stl": {
      "x": 0.0,
      "y": 9.237055564881302E-14,
      "z": 0.0,
      "rotation": {
        "storage": {
          "q0": 1.0,
          "q1": 0.0,
          "q2": 0.0,
          "q3": 0.0
        }
      }
    },
    "/tmp/BancroftKineticSystemsClass/KineticSystems2024Group02/manufacturing/AdamNametag transformed by[X=0.0 Y=-15.0 Z=0.0 Qx=0.0 Qy=0.0 Qz=0.0 Qw=1.0] transformed by[X=0.0 Y=0.0 Z=7.399999999999999 Qx=0.0 Qy=0.0 Qz=0.0 Qw=1.0] transformed by[X=5.0 Y=0.0 Z=0.0 Qx=0.0 Qy=0.0 Qz=0.0 Qw=1.0].stl": {
      "x": 155.85710711124474,
      "y": 183.8973825826629,
      "z": 0.0,
      "rotation": {
        "storage": {
          "q0": 1.0,
          "q1": 0.0,
          "q2": 0.0,
          "q3": 0.0
        }
      }
    },
    "/tmp/BancroftKineticSystemsClass/KineticSystems2024Group01/manufacturing/MaeveNametag transformed by[X=0.0 Y=-15.0 Z=0.0 Qx=0.0 Qy=0.0 Qz=0.0 Qw=1.0] transformed by[X=0.0 Y=0.0 Z=7.399999999999999 Qx=0.0 Qy=0.0 Qz=0.0 Qw=1.0] transformed by[X=8.0 Y=0.0 Z=0.0 Qx=0.0 Qy=0.0 Qz=0.0 Qw=1.0].stl": {
      "x": 27.569866476347585,
      "y": 142.59532527845954,
      "z": 0.0,
      "rotation": {
        "storage": {
          "q0": 1.0,
          "q1": 0.0,
          "q2": 0.0,
          "q3": 0.0
        }
      }
    },
    "/tmp/BancroftKineticSystemsClass/KineticSystems2024Group09/manufacturing/Print-Bed-0.stl": {
      "x": 0.0,
      "y": 115.5476437339186,
      "z": 0.0,
      "rotation": {
        "storage": {
          "q0": 1.0,
          "q1": 0.0,
          "q2": 0.0,
          "q3": 0.0
        }
      }
    },
    "MaeveNametag transformed by[X=0.0 Y=-15.0 Z=0.0 Qx=0.0 Qy=0.0 Qz=0.0 Qw=1.0] transformed by[X=0.0 Y=0.0 Z=7.399999999999999 Qx=0.0 Qy=0.0 Qz=0.0 Qw=1.0] transformed by[X=8.0 Y=0.0 Z=0.0 Qx=0.0 Qy=0.0 Qz=0.0 Qw=1.0].stl": {
      "x": 18.075096337442393,
      "y": 89.6660813148644,
      "z": 0.0,
      "rotation": {
        "storage": {
          "q0": 1.0,
          "q1": 0.0,
          "q2": 0.0,
          "q3": 0.0
        }
      }
    },
    "ShivsNametag transformed by[X=0.0 Y=-15.0 Z=0.0 Qx=0.0 Qy=0.0 Qz=0.0 Qw=1.0] transformed by[X=0.0 Y=0.0 Z=16.750000000000043 Qx=0.0 Qy=0.0 Qz=0.0 Qw=1.0] transformed by[X=5.0 Y=0.0 Z=0.0 Qx=0.0 Qy=0.0 Qz=0.0 Qw=1.0].stl": {
      "x": 22.057889193802975,
      "y": 132.50857124818305,
      "z": 0.0,
      "rotation": {
        "storage": {
          "q0": 1.0,
          "q1": 0.0,
          "q2": 0.0,
          "q3": 0.0
        }
      }
    },
    "GlodiNametag.stl": {
      "x": 35.159198214740826,
      "y": 0.25128460804928787,
      "z": 0.0,
      "rotation": {
        "storage": {
          "q0": 1.0,
          "q1": 0.0,
          "q2": 0.0,
          "q3": 0.0
        }
      }
    },
    "/tmp/BancroftKineticSystemsClass/KineticSystems2024Group08/manufacturing/GlodiNametag.stl": {
      "x": -179.07619473929844,
      "y": 41.498626945139065,
      "z": 0.0,
      "rotation": {
        "storage": {
          "q0": 1.0,
          "q1": 0.0,
          "q2": 0.0,
          "q3": 0.0
        }
      }
    },
    "/tmp/BancroftKineticSystemsClass/KineticSystems2024Group02/manufacturing/Part-Num-0.stl": {
      "x": 6.4532737628536285,
      "y": 4.300116010330035,
      "z": 0.0,
      "rotation": {
        "storage": {
          "q0": 1.0,
          "q1": 0.0,
          "q2": 0.0,
          "q3": 0.0
        }
      }
    },
    "/tmp/BancroftKineticSystemsClass/KineticSystems2024Group02/manufacturing/Part-Num-3.stl": {
      "x": 6.5,
      "y": 21.0,
      "z": 0.0,
      "rotation": {
        "storage": {
          "q0": 1.0,
          "q1": 0.0,
          "q2": 0.0,
          "q3": 0.0
        }
      }
    },
    "/tmp/BancroftKineticSystemsClass/KineticSystems2024Group07/manufacturing/servoBase.stl": {
      "x": -48.15407853519399,
      "y": 122.37097625139997,
      "z": 0.0,
      "rotation": {
        "storage": {
          "q0": 1.0,
          "q1": 0.0,
          "q2": 0.0,
          "q3": 0.0
        }
      }
    },
    "/tmp/BancroftKineticSystemsClass/KineticSystems2024Group01/manufacturing/Print-Bed-0.stl": {
      "x": -0.06447004526853561,
      "y": 37.16747032595066,
      "z": 0.0,
      "rotation": {
        "storage": {
          "q0": 1.0,
          "q1": 0.0,
          "q2": 0.0,
          "q3": 0.0
        }
      }
    },
    "Part-Num-3.stl": {
      "x": 6.5,
      "y": 21.0,
      "z": 0.0,
      "rotation": {
        "storage": {
          "q0": 1.0,
          "q1": 0.0,
          "q2": 0.0,
          "q3": 0.0
        }
      }
    },
    "/tmp/BancroftKineticSystemsClass/KineticSystems2024Group07/manufacturing/Print-Bed-0.stl": {
      "x": 0.0,
      "y": 144.283862225973,
      "z": 0.0,
      "rotation": {
        "storage": {
          "q0": 1.0,
          "q1": 0.0,
          "q2": 0.0,
          "q3": 0.0
        }
      }
    },
    "Print-Bed-0.stl": {
      "x": 122.0,
      "y": 64.80842371789892,
      "z": 0.0,
      "rotation": {
        "storage": {
          "q0": 1.0,
          "q1": 0.0,
          "q2": 0.0,
          "q3": 0.0
        }
      }
    },
    "/tmp/BancroftKineticSystemsClass/KineticSystems2024Group05/manufacturing/Part-Num-1.stl": {
      "x": 8.871822545103889,
      "y": 5.030365178857302,
      "z": 0.0,
      "rotation": {
        "storage": {
          "q0": 1.0,
          "q1": 0.0,
          "q2": 0.0,
          "q3": 0.0
        }
      }
    },
    "Part-Num-0.stl": {
      "x": 3.9000000953674316,
      "y": 3.9000000953674316,
      "z": 0.0,
      "rotation": {
        "storage": {
          "q0": 1.0,
          "q1": 0.0,
          "q2": 0.0,
          "q3": 0.0
        }
      }
    },
    "/tmp/BancroftKineticSystemsClass/KineticSystems2024Group02/manufacturing/servoBase.stl": {
      "x": 68.73807216468502,
      "y": 29.431184843392685,
      "z": 0.0,
      "rotation": {
        "storage": {
          "q0": 1.0,
          "q1": 0.0,
          "q2": 0.0,
          "q3": 0.0
        }
      }
    },
    "/tmp/BancroftKineticSystemsClass/KineticSystems2024Group07/manufacturing/ShivsNametag transformed by[X=0.0 Y=-15.0 Z=0.0 Qx=0.0 Qy=0.0 Qz=0.0 Qw=1.0] transformed by[X=0.0 Y=0.0 Z=16.750000000000043 Qx=0.0 Qy=0.0 Qz=0.0 Qw=1.0] transformed by[X=5.0 Y=0.0 Z=0.0 Qx=0.0 Qy=0.0 Qz=0.0 Qw=1.0].stl": {
      "x": -180.20965258678038,
      "y": 115.3371336630382,
      "z": 0.0,
      "rotation": {
        "storage": {
          "q0": 1.0,
          "q1": 0.0,
          "q2": 0.0,
          "q3": 0.0
        }
      }
    },
    "/tmp/BancroftKineticSystemsClass/KineticSystems2024Group08/manufacturing/Print-Bed-0.stl": {
      "x": -200.67378336191177,
      "y": 2.6645352591003757E-15,
      "z": 0.0,
      "rotation": {
        "storage": {
          "q0": 1.0,
          "q1": 0.0,
          "q2": 0.0,
          "q3": 0.0
        }
      }
    },
    "/tmp/BancroftKineticSystemsClass/KineticSystems2024Group05/manufacturing/KevinCNametag transformed by[X=0.0 Y=-15.0 Z=0.0 Qx=0.0 Qy=0.0 Qz=0.0 Qw=1.0] transformed by[X=0.0 Y=0.0 Z=7.399999999999999 Qx=0.0 Qy=0.0 Qz=0.0 Qw=1.0] transformed by[X=5.0 Y=0.0 Z=0.0 Qx=0.0 Qy=0.0 Qz=0.0 Qw=1.0].stl": {
      "x": 15.0,
      "y": 15.0,
      "z": 0.0,
      "rotation": {
        "storage": {
          "q0": 1.0,
          "q1": 0.0,
          "q2": 0.0,
          "q3": 0.0
        }
      }
    },
    "AdamNametag transformed by[X=0.0 Y=-15.0 Z=0.0 Qx=0.0 Qy=0.0 Qz=0.0 Qw=1.0] transformed by[X=0.0 Y=0.0 Z=7.399999999999999 Qx=0.0 Qy=0.0 Qz=0.0 Qw=1.0] transformed by[X=5.0 Y=0.0 Z=0.0 Qx=0.0 Qy=0.0 Qz=0.0 Qw=1.0].stl": {
      "x": 25.821607161904932,
      "y": 172.72052142467857,
      "z": 0.0,
      "rotation": {
        "storage": {
          "q0": 1.0,
          "q1": 0.0,
          "q2": 0.0,
          "q3": 0.0
        }
      }
    },